frame_idx,timestamp,biblioteca,abordagem,ear,fps,tempo_processamento,piscando
1,0.052999258041381836,mediapipe,1,-3.5735243744668246,38.463620857252906,0.025998592376708984,vermelho
2,0.12600040435791016,mediapipe,1,-3.5735243744668246,83.33275053643806,0.012000083923339844,vermelho
3,0.1419999599456787,mediapipe,1,-3.397337383179193,125.10600727793354,0.007993221282958984,vermelho
4,0.1770012378692627,mediapipe,1,-3.33673097431635,83.32612841703751,0.01200103759765625,vermelho
5,0.21001100540161133,mediapipe,1,-3.2017878315477546,71.44956816517043,0.013995885848999023,vermelho
6,0.24000334739685059,mediapipe,1,-3.040413204870984,69.49274305785671,0.014389991760253906,vermelho
7,0.271085262298584,mediapipe,1,-3.069645910763102,71.03812475653338,0.014076948165893555,vermelho
8,0.3030073642730713,mediapipe,1,-2.9863867176517935,71.39483897324165,0.014006614685058594,vermelho
9,0.3341381549835205,mediapipe,1,-3.0160939715268418,77.12102379288788,0.012966632843017578,vermelho
10,0.36605167388916016,mediapipe,1,-3.176808545587744,77.4886195684304,0.012905120849609375,vermelho
11,0.3970053195953369,mediapipe,1,-3.176808545587744,76.93994203323916,0.012997150421142578,vermelho
12,0.43200159072875977,mediapipe,1,-3.2618133578101967,55.566206960507664,0.017996549606323242,vermelho
13,0.4640073776245117,mediapipe,1,-3.264141709130138,56.312988373029725,0.017757892608642578,vermelho
14,0.48700571060180664,mediapipe,1,-3.161897564848571,93.02277717403358,0.010750055313110352,vermelho
15,0.5150020122528076,mediapipe,1,-3.161897564848571,127.14250204613658,0.007865190505981445,vermelho
16,0.5319995880126953,mediapipe,1,-3.1298619596535824,111.13683094859566,0.008997917175292969,vermelho
17,0.5599977970123291,mediapipe,1,-3.024982883297721,124.986709577448,0.008000850677490234,vermelho
18,0.5759978294372559,mediapipe,1,-3.022651191301609,125.0463299743605,0.00799703598022461,vermelho
19,0.5909979343414307,mediapipe,1,-2.910553845098382,142.98926124160502,0.006993532180786133,vermelho
20,0.6080012321472168,mediapipe,1,-2.9425894502933714,125.0426020332111,0.007997274398803711,vermelho
21,0.6410024166107178,mediapipe,1,-3.0172480926603384,90.94130656317078,0.010996103286743164,vermelho
22,0.6736042499542236,mediapipe,1,-2.9345716317578265,83.3493104407615,0.011997699737548828,vermelho
23,0.7071530818939209,mediapipe,1,-3.0449233588499083,76.04300451438621,0.013150453567504883,vermelho
24,0.737001895904541,mediapipe,1,-3.079215005646723,83.37416264138191,0.011994123458862305,vermelho
25,0.7670021057128906,mediapipe,1,-3.2123429772092233,83.35427969554244,0.011996984481811523,vermelho
26,0.7990047931671143,mediapipe,1,-3.2681150835395587,83.36753393890004,0.011995077133178711,vermelho
27,0.8290016651153564,mediapipe,1,-3.3638523649845826,83.37250536693965,0.011994361877441406,vermelho
28,0.8600006103515625,mediapipe,1,-3.398159212520835,83.35759286125962,0.01199650764465332,vermelho
29,0.8889994621276855,mediapipe,1,-3.2935060558360836,83.35096679318774,0.011997461318969727,vermelho
30,0.9230027198791504,mediapipe,1,-3.2925183277393075,71.48244597450406,0.013989448547363281,vermelho
31,0.9550049304962158,mediapipe,1,-3.166491060210439,66.67255877537396,0.014998674392700195,vermelho
32,0.9850106239318848,mediapipe,1,-3.2027773417831455,76.89903378985387,0.013004064559936523,vermelho
33,1.028303861618042,mediapipe,1,-3.2330690512851765,41.15976958480123,0.024295568466186523,vermelho
34,1.0734360218048096,mediapipe,1,-3.3661970228476767,42.694462540716614,0.0234222412109375,vermelho
35,1.121006965637207,mediapipe,1,-3.3964870089315213,40.50041521021224,0.024691104888916016,vermelho
36,1.165466070175171,mediapipe,1,-3.276869475162923,43.35959806891133,0.023062944412231445,vermelho
37,1.213008165359497,mediapipe,1,-3.2162877795770477,40.6007782703812,0.024630069732666016,vermelho
38,1.256049394607544,mediapipe,1,-3.2499631516150576,47.52698552990901,0.021040678024291992,vermelho
39,1.2931125164031982,mediapipe,1,-3.221488336737308,76.28087660270982,0.013109445571899414,vermelho
40,1.328012228012085,mediapipe,1,-3.203579466175455,66.64395576458625,0.015005111694335938,vermelho
41,1.358001708984375,mediapipe,1,-3.1633978412687407,71.430099286432,0.013999700546264648,vermelho
42,1.3870046138763428,mediapipe,1,-2.9219358553012627,76.9187771644446,0.013000726699829102,vermelho
43,1.4175183773040771,mediapipe,1,-2.968404547020335,74.06243819748552,0.013502120971679688,vermelho
44,1.4480032920837402,mediapipe,1,-2.9987178241250723,76.94135343862932,0.012996912002563477,vermelho
45,1.481001853942871,mediapipe,1,-2.958837708023549,68.03412814274128,0.014698505401611328,vermelho
46,1.5130016803741455,mediapipe,1,-3.031681179184422,66.71816244074698,0.014988422393798828,vermelho
47,1.5430021286010742,mediapipe,1,-2.910553845098382,71.44469995060214,0.01399683952331543,vermelho
48,1.585007667541504,mediapipe,1,-2.9807942567221826,40.01931168719646,0.02498793601989746,vermelho
49,1.6330101490020752,mediapipe,1,-3.1401226389844856,41.666789187685644,0.023999929428100586,vermelho
50,1.6820828914642334,mediapipe,1,-3.2407567385125415,39.87890773560508,0.025075912475585938,vermelho
51,1.7280070781707764,mediapipe,1,-3.361884072598581,41.67258492384425,0.023996591567993164,vermelho
52,1.7752437591552734,mediapipe,1,-3.3646265256443213,39.62572745824201,0.025236129760742188,vermelho
53,1.8220093250274658,mediapipe,1,-3.285359884390256,40.03306258411202,0.024979352951049805,vermelho
54,1.8672349452972412,mediapipe,1,-3.1847257848622004,43.06045890868025,0.023223161697387695,vermelho
55,1.9154531955718994,mediapipe,1,-3.1392448212399042,40.90966193941049,0.024444103240966797,vermelho
56,1.9610700607299805,mediapipe,1,-3.0668446887791596,43.369461591752746,0.02305769920349121,vermelho
57,2.0111989974975586,mediapipe,1,-3.096551942654207,39.04184080944979,0.02561354637145996,vermelho
58,2.056302785873413,mediapipe,1,-3.265806080754998,42.04015275285911,0.02378678321838379,vermelho
59,2.105069875717163,mediapipe,1,-3.3235848770380017,37.825370200025255,0.02643728256225586,vermelho
60,2.1500051021575928,mediapipe,1,-3.372561532208223,40.611392441832315,0.024623632431030273,verde
61,2.1964633464813232,mediapipe,1,-3.3158378910419977,40.884539278090244,0.024459123611450195,verde
62,2.244009494781494,mediapipe,1,-3.4984172844880614,39.99794016955456,0.02500128746032715,verde
63,2.293468713760376,mediapipe,1,-4.417891734796283,36.415210974127454,0.02746105194091797,verde
64,2.3361082077026367,mediapipe,1,-5.160942583269486,38.33425338622114,0.02608633041381836,verde
65,2.3810083866119385,mediapipe,1,-5.704968279922433,39.99908449361053,0.025000572204589844,verde
66,2.429192066192627,mediapipe,1,-7.390766503280963,38.22037543284126,0.026982784271240234,verde
67,2.475010871887207,mediapipe,1,-7.713173505197174,41.09323196300505,0.02433490753173828,verde
68,2.520505666732788,mediapipe,1,-9.046590754397943,40.01396666698467,0.024991273880004883,verde
69,2.565058946609497,mediapipe,1,-9.287835492265003,43.41614996842879,0.02303290367126465,verde
70,2.6120097637176514,mediapipe,1,-8.552666885169929,41.68293846398473,0.023990631103515625,verde
71,2.659026622772217,mediapipe,1,-9.405938476287657,39.991456903127386,0.025005340576171875,verde
72,2.704286813735962,mediapipe,1,-7.893459847472107,41.81800416753906,0.023913145065307617,verde
73,2.750025749206543,mediapipe,1,-7.95403247502042,43.56767874022291,0.022952795028686523,verde
74,2.796180009841919,mediapipe,1,-7.347325029554788,43.28531770193707,0.023102521896362305,verde
75,2.8450090885162354,mediapipe,1,-6.410531082201603,41.790921047387506,0.02392864227294922,verde
76,2.8930063247680664,mediapipe,1,-6.28334194865862,38.48832770518279,0.025981903076171875,verde
77,2.9390103816986084,mediapipe,1,-6.216120413832689,41.71071133784819,0.02397465705871582,verde
78,2.987070322036743,mediapipe,1,-6.2774068592040475,42.18221314855229,0.023706674575805664,verde
79,3.033067464828491,mediapipe,1,-6.038522213523294,44.16544520259456,0.022642135620117188,verde
80,3.083012580871582,mediapipe,1,-7.068088788137186,39.13363625337053,0.025553464889526367,verde
81,3.12701153755188,mediapipe,1,-6.956393090425089,43.5921302888263,0.02293992042541504,verde
82,3.1754658222198486,mediapipe,1,-8.355085681637092,39.297162077333155,0.025992393493652344,verde
83,3.221005439758301,mediapipe,1,-7.892038845104763,40.921236719123485,0.02443718910217285,verde
84,3.266289710998535,mediapipe,1,-7.644317311189109,41.18118802160039,0.02428293228149414,verde
85,3.315009593963623,mediapipe,1,-7.521417178311763,37.764748253259384,0.026479721069335938,verde
86,3.3620107173919678,mediapipe,1,-5.881749415953232,37.671471811314994,0.026545286178588867,verde
87,3.407008647918701,mediapipe,1,-6.413902244380368,40.0143484067926,0.02499103546142578,verde
88,3.4530084133148193,mediapipe,1,-6.260893663335689,40.58310030865691,0.024640798568725586,verde
89,3.501011610031128,mediapipe,1,-7.781516108879304,39.05420076910901,0.025605440139770508,verde
90,3.545018434524536,mediapipe,1,-8.06912065409353,41.65727112011601,0.024005413055419922,verde
91,3.5921287536621094,mediapipe,1,-8.238899307879475,41.45962082122452,0.024119853973388672,verde
92,3.639066696166992,mediapipe,1,-8.074052017550507,38.562993610076774,0.025931596755981445,verde
93,3.6890108585357666,mediapipe,1,-6.794674309873954,38.542086304491654,0.025945663452148438,verde
94,3.733304738998413,mediapipe,1,-6.809829462867366,39.55882935478699,0.025278806686401367,verde
95,3.781069755554199,mediapipe,1,-6.893351819102824,39.905466862025,0.025059223175048828,verde
96,3.8260087966918945,mediapipe,1,-6.3813232260566926,42.58392811817859,0.0234830379486084,verde
97,3.876037359237671,mediapipe,1,-6.948935793657327,38.78300107260421,0.02578449249267578,verde
98,3.920063018798828,mediapipe,1,-6.440878896511571,42.09542544009314,0.023755550384521484,verde
99,3.972007989883423,mediapipe,1,-5.837389884314821,35.79185226904238,0.027939319610595703,verde
100,4.0210120677948,mediapipe,1,-6.188189006243997,31.590275057994155,0.03265786170959473,verde
101,4.052006959915161,mediapipe,1,-6.899954146319915,62.514777994723744,0.015996217727661133,verde
102,4.0910046100616455,mediapipe,1,-7.634354745796878,41.85389121171904,0.023892641067504883,verde
103,4.137010097503662,mediapipe,1,-8.481014161366717,40.00557023358736,0.024996519088745117,verde
104,4.1830668449401855,mediapipe,1,-9.706511081235366,43.39548694815474,0.02304387092590332,verde
105,4.232057809829712,mediapipe,1,-8.887820117904832,42.51658878267833,0.023520231246948242,verde
106,4.279069662094116,mediapipe,1,-9.061590532371337,44.028216325159555,0.02271270751953125,verde
107,4.3270673751831055,mediapipe,1,-8.734897772762789,41.56397653400983,0.024059295654296875,verde
108,4.373007535934448,mediapipe,1,-8.728205933022382,41.68045314518533,0.023992061614990234,vermelho
109,4.420014142990112,mediapipe,1,-8.376622220749093,40.1011922403985,0.024936914443969727,vermelho
110,4.4660115242004395,mediapipe,1,-7.698983530315733,39.99794016955456,0.02500128746032715,vermelho
111,4.511461496353149,mediapipe,1,-7.703715995183527,42.67448059744012,0.023433208465576172,vermelho
112,4.560068845748901,mediapipe,1,-6.0225780246746865,39.914960839733155,0.02505326271057129,vermelho
113,4.607126474380493,mediapipe,1,-5.155220945373123,38.320244120817875,0.026095867156982422,vermelho
114,4.651086091995239,mediapipe,1,-4.703889047775541,42.11317723603358,0.02374553680419922,vermelho
115,4.697067499160767,mediapipe,1,-3.4658939517756675,41.6047930326446,0.02403569221496582,vermelho
116,4.745237827301025,mediapipe,1,-3.210034266907181,41.378227198737235,0.024167299270629883,vermelho
117,4.79101037979126,mediapipe,1,-3.3106683664352374,41.67092883470935,0.02399754524230957,vermelho
118,4.841280937194824,mediapipe,1,-3.238001010223492,36.70649186984755,0.02724313735961914,vermelho
119,4.886063814163208,mediapipe,1,-3.25232284978072,40.001754837725194,0.024998903274536133,vermelho
120,4.928002119064331,mediapipe,1,-3.25232284978072,46.37254555103485,0.021564483642578125,vermelho
121,4.94712233543396,mediapipe,1,-3.1516887502526636,89.97370058133299,0.011114358901977539,vermelho
122,4.992246389389038,mediapipe,1,-3.4040942629198945,41.29186725341366,0.024217844009399414,vermelho
123,5.0401482582092285,mediapipe,1,-3.434384249003739,39.80019737341532,0.025125503540039062,vermelho
124,5.0870678424835205,mediapipe,1,-3.459070692785926,41.59530326470705,0.024041175842285156,vermelho
125,5.136019229888916,mediapipe,1,-3.459070692785926,35.75310494148134,0.0279695987701416,vermelho
126,5.180009841918945,mediapipe,1,-3.28930999828538,40.00442553840871,0.024997234344482422,vermelho
127,5.229092121124268,mediapipe,1,-3.2584139889718466,37.483614395381466,0.02667832374572754,vermelho
128,5.273086071014404,mediapipe,1,-3.223799795248035,39.89787493103514,0.02506399154663086,vermelho
129,5.31806755065918,mediapipe,1,-3.223799795248035,42.242114168311645,0.023673057556152344,vermelho
130,5.364333868026733,mediapipe,1,-3.1232461065194976,40.04108830548926,0.024974346160888672,vermelho
131,5.409012317657471,mediapipe,1,-3.223799795248035,42.20003823283798,0.0236966609954834,vermelho
132,5.4561028480529785,mediapipe,1,-3.132487422431914,41.51173309316204,0.024089574813842773,vermelho
133,5.505009889602661,mediapipe,1,-3.293837868509964,38.54952528882475,0.025940656661987305,vermelho
134,5.548008441925049,mediapipe,1,-3.3117467390718165,41.698685701787525,0.023981571197509766,vermelho
135,5.594229698181152,mediapipe,1,-3.228482071986194,42.05659280056152,0.023777484893798828,vermelho
136,5.641008377075195,mediapipe,1,-3.364031237984478,39.491784910599115,0.02532172203063965,vermelho
137,5.687009811401367,mediapipe,1,-3.302628457405277,42.381262251682394,0.023595333099365234,vermelho
138,5.733066558837891,mediapipe,1,-3.3336094729982806,41.66927287719682,0.023998498916625977,vermelho
139,5.781554222106934,mediapipe,1,-4.614838491852799,39.246051351149035,0.025480270385742188,vermelho
140,5.827008247375488,mediapipe,1,-5.946232548284093,40.02389426976478,0.024985074996948242,verde
141,5.87308931350708,mediapipe,1,-8.00201962171328,41.52652891498273,0.024080991744995117,verde
142,5.921011686325073,mediapipe,1,-8.860380491107893,38.85053723601334,0.025739669799804688,verde
143,5.967010259628296,mediapipe,1,-8.707371910063214,41.67382707708205,0.02399587631225586,verde
144,6.018367052078247,mediapipe,1,-8.698581772371616,34.49404991981578,0.028990507125854492,verde
145,6.061003684997559,mediapipe,1,-12.033158334941525,41.67465522038075,0.023995399475097656,verde
146,6.109205007553101,mediapipe,1,-13.164145357527127,43.13042047569591,0.02318549156188965,verde
147,6.1560094356536865,mediapipe,1,-13.317153938571808,40.00557023358736,0.024996519088745117,verde
148,6.201114654541016,mediapipe,1,-12.424693273918315,40.63421203049767,0.024609804153442383,verde
149,6.239003896713257,mediapipe,1,-7.6962659219244545,66.7128564839115,0.014989614486694336,verde
150,6.2810094356536865,mediapipe,1,-7.814368905947109,41.66927287719682,0.023998498916625977,verde
151,6.32805323600769,mediapipe,1,-7.740130145122011,39.93282175295619,0.025042057037353516,verde
152,6.373006820678711,mediapipe,1,-7.871466692040681,45.45291402067665,0.022000789642333984,verde
153,6.4200098514556885,mediapipe,1,-7.927244094195196,40.56700711853915,0.02465057373046875,verde
154,6.465058326721191,mediapipe,1,-6.467265057611835,44.31710744587556,0.02256464958190918,vermelho
155,6.513086318969727,mediapipe,1,-6.062418475946332,39.87966607716736,0.025075435638427734,vermelho
156,6.556009292602539,mediapipe,1,-6.663907549440608,43.47330016583748,0.02300262451171875,vermelho
157,6.605324029922485,mediapipe,1,-7.144158215049751,39.523044014963766,0.025301694869995117,vermelho
158,6.651191234588623,mediapipe,1,-8.381343344242094,41.46945878072413,0.024114131927490234,vermelho
159,6.688046932220459,mediapipe,1,-9.617957965613337,62.35307059925372,0.016037702560424805,vermelho
160,6.718003273010254,mediapipe,1,-10.252986779882612,62.50639325206402,0.015998363494873047,vermelho
161,6.749009609222412,mediapipe,1,-10.095049382483834,62.516641576366425,0.01599574089050293,vermelho
162,6.780004978179932,mediapipe,1,-8.564978919761156,62.5073247790644,0.015998125076293945,vermelho
163,6.811002492904663,mediapipe,1,-6.56492561020183,62.77300686950926,0.0159304141998291,vermelho
164,6.839003562927246,mediapipe,1,-4.731932444163661,77.22325735537798,0.012949466705322266,vermelho
165,6.870004415512085,mediapipe,1,-3.621665078169741,77.004920320188,0.012986183166503906,vermelho
166,6.901000738143921,mediapipe,1,-3.319428808883457,77.30865926936262,0.012935161590576172,vermelho
167,6.932054281234741,mediapipe,1,-3.3123246852195636,76.72600885376652,0.013033390045166016,vermelho
168,6.9630043506622314,mediapipe,1,-3.346660109873442,77.07142463387295,0.012974977493286133,vermelho
169,6.994050741195679,mediapipe,1,-3.4169005214972428,76.71618531999341,0.013035058975219727,vermelho
170,7.024135589599609,mediapipe,1,-3.3475432381602785,76.42960749298445,0.013083934783935547,vermelho
171,7.056050777435303,mediapipe,1,-3.268971327644621,71.4373988724814,0.013998270034790039,vermelho
172,7.087048768997192,mediapipe,1,-3.2010154894836975,76.7400468384075,0.013031005859375,vermelho
173,7.117003679275513,mediapipe,1,-3.1673950759766525,77.26308808901005,0.012942790985107422,vermelho
174,7.1480162143707275,mediapipe,1,-3.135512236555872,83.6268368059017,0.011957883834838867,vermelho
175,7.180254697799683,mediapipe,1,-3.138783896855185,83.35427969554244,0.011996984481811523,vermelho
176,7.211000919342041,mediapipe,1,-3.138068885708351,77.26024167403477,0.012943267822265625,vermelho
177,7.242050886154175,mediapipe,1,-3.1617118372604565,77.00916184705774,0.012985467910766602,vermelho
178,7.273227691650391,mediapipe,1,-3.262265525988994,75.72039283651068,0.01320648193359375,vermelho
179,7.3040101528167725,mediapipe,1,-3.2892819132801714,76.979480967588,0.012990474700927734,vermelho
180,7.335052967071533,mediapipe,1,-3.2099934868921043,76.66570399751411,0.013043642044067383,vermelho
181,7.366055965423584,mediapipe,1,-3.089103983013769,76.92300920661702,0.013000011444091797,vermelho
182,7.39703631401062,mediapipe,1,-2.988550294285232,76.78219163035916,0.013023853302001953,vermelho
183,7.428048133850098,mediapipe,1,-2.988550294285232,77.05160282906219,0.012978315353393555,verde
184,7.4590020179748535,mediapipe,1,-3.6999117760255134,77.94655268537447,0.012829303741455078,verde
185,7.490004062652588,mediapipe,1,-4.489085123588769,76.94982295851909,0.012995481491088867,verde
186,7.521020412445068,mediapipe,1,-5.550705307014026,78.19650247958536,0.01278829574584961,verde
187,7.552006006240845,mediapipe,1,-6.769646098588878,78.93526046371575,0.012668609619140625,verde
188,7.583000183105469,mediapipe,1,-7.529507863899985,71.50925768063559,0.013984203338623047,verde
189,7.613004922866821,mediapipe,1,-8.704194648208174,76.92865265397454,0.01299905776977539,verde
190,7.6450042724609375,mediapipe,1,-8.160189797374375,77.02471811069894,0.012982845306396484,verde
191,7.676000595092773,mediapipe,1,-7.640223141413081,76.97100491815313,0.012991905212402344,verde
192,7.707054376602173,mediapipe,1,-6.94093012713362,76.91736658719971,0.013000965118408203,verde
193,7.738040924072266,mediapipe,1,-5.705674591793786,77.00067926052395,0.012986898422241211,verde
194,7.770103454589844,mediapipe,1,-6.164570620740022,70.95640405339108,0.014093160629272461,verde
195,7.800116062164307,mediapipe,1,-6.44150182343447,76.31002110472309,0.013104438781738281,verde
196,7.831231594085693,mediapipe,1,-9.35521401925068,75.615280607186,0.01322484016418457,verde
197,7.862165451049805,mediapipe,1,-9.415782770282323,76.03749025579667,0.013151407241821289,verde
198,7.888999938964844,mediapipe,1,-9.663550688416965,101.98915501519757,0.009804964065551758,verde
199,7.923003196716309,mediapipe,1,-8.915439187585743,77.2090420440321,0.012951850891113281,verde
200,7.955000638961792,mediapipe,1,-6.000515092256737,77.28301886792453,0.012939453125,verde
201,7.986387491226196,mediapipe,1,-7.175201876564927,76.06506954897445,0.013146638870239258,verde
202,8.017004013061523,mediapipe,1,-6.353471055652482,71.46417679030857,0.013993024826049805,verde
203,8.048012256622314,mediapipe,1,-6.821432920520373,77.2161490454537,0.012950658798217773,verde
204,8.079054594039917,mediapipe,1,-6.826274722308424,76.63488699274635,0.013048887252807617,verde
205,8.109012603759766,mediapipe,1,-6.117007147214052,78.50238634449457,0.012738466262817383,verde
206,8.140296459197998,mediapipe,1,-7.017527859494161,75.32061918615092,0.01327657699584961,verde
207,8.171051263809204,mediapipe,1,-7.370934294938389,76.66850677244229,0.01304316520690918,verde
208,8.203078508377075,mediapipe,1,-8.541991176971322,76.50349293205655,0.013071298599243164,verde
209,8.234051942825317,mediapipe,1,-10.990284163573715,76.653094045835,0.013045787811279297,verde
210,8.265056848526001,mediapipe,1,-13.359787258808446,76.63208667531471,0.01304936408996582,verde
211,8.296052932739258,mediapipe,1,-15.806525490177492,78.6599152319868,0.012712955474853516,verde
212,8.32705044746399,mediapipe,1,-15.799556003858433,76.75408996083885,0.013028621673583984,verde
213,8.358051061630249,mediapipe,1,-13.430052908623702,78.28991675066264,0.01277303695678711,verde
214,8.388004064559937,mediapipe,1,-10.342153421751629,77.74284072584382,0.012862920761108398,verde
215,8.419052600860596,mediapipe,1,-7.826309198487775,76.74145091940353,0.013030767440795898,verde
216,8.445997476577759,mediapipe,1,-6.539129958220576,111.470592925293,0.008970975875854492,verde
217,8.47800064086914,mediapipe,1,-7.162638155628226,100.0955540176121,0.009990453720092773,verde
218,8.503998279571533,mediapipe,1,-8.616203154360644,128.15644096797848,0.0078029632568359375,verde
219,8.526012659072876,mediapipe,1,-8.45497368324369,83.36256310370871,0.011995792388916016,verde
220,8.557053565979004,mediapipe,1,-8.574435625521758,76.65869795664729,0.01304483413696289,verde
221,8.588053226470947,mediapipe,1,-12.153730727050322,76.6937409716762,0.013038873672485352,verde
222,8.61905312538147,mediapipe,1,-11.022743704464718,76.66850677244229,0.01304316520690918,verde
223,8.651001930236816,mediapipe,1,-11.567889662314323,70.97081168886106,0.014090299606323242,vermelho
224,8.682054996490479,mediapipe,1,-11.785540953393498,71.19850619589204,0.014045238494873047,vermelho
225,8.71300458908081,mediapipe,1,-6.682216942177178,76.93853067962947,0.01299738883972168,vermelho
226,8.743056058883667,mediapipe,1,-5.84118445070237,76.67551460641293,0.013041973114013672,vermelho
227,8.773050308227539,mediapipe,1,-4.567918167662052,76.68532772648322,0.013040304183959961,vermelho
228,8.80400538444519,mediapipe,1,-3.5776909897968183,77.00350658172539,0.012986421585083008,vermelho
229,8.836011171340942,mediapipe,1,-3.1614267147093904,71.42401743750426,0.014000892639160156,vermelho
230,8.867003440856934,mediapipe,1,-3.1857846774083294,71.44956816517043,0.013995885848999023,vermelho
231,8.89718222618103,mediapipe,1,-3.0345044235323835,75.91637857698782,0.013172388076782227,vermelho
232,8.928040981292725,mediapipe,1,-3.035150077546514,76.75549455576906,0.013028383255004883,vermelho
233,8.96005916595459,mediapipe,1,-3.035795731560644,72.70039692857019,0.013755083084106445,vermelho
234,8.990005493164062,mediapipe,1,-2.963128375348899,77.01481794311526,0.012984514236450195,vermelho
235,9.022103071212769,mediapipe,1,-2.9790493020940687,70.95520368114765,0.014093399047851562,vermelho
236,9.052187204360962,mediapipe,1,-2.9790493020940687,77.28301886792453,0.012939453125,vermelho
237,9.083256244659424,mediapipe,1,-3.0926731531360145,75.54446065452711,0.013237237930297852,vermelho
238,9.11505126953125,mediapipe,1,-3.0616941202607535,76.68252372159351,0.013040781021118164,vermelho
239,9.146007299423218,mediapipe,1,-3.2062947633039465,76.92724171450581,0.012999296188354492,vermelho
240,9.178011894226074,mediapipe,1,-3.309941152390953,71.41428863311313,0.014002799987792969,vermelho
241,9.208282709121704,mediapipe,1,-3.2327078919994987,75.3612189161995,0.013269424438476562,vermelho
242,9.23929738998413,mediapipe,1,-3.201731099998252,75.5744067460675,0.013231992721557617,vermelho
243,9.270004034042358,mediapipe,1,-3.071495386908913,76.9695924247151,0.012992143630981445,vermelho
244,9.301008939743042,mediapipe,1,-3.0135480694126517,76.9695924247151,0.012992143630981445,vermelho
245,9.33205246925354,mediapipe,1,-2.930259760015743,76.69233863594808,0.013039112091064453,vermelho
246,9.363008737564087,mediapipe,1,-2.9439934372256613,76.92865265397454,0.01299905776977539,vermelho
247,9.39400601387024,mediapipe,1,-3.028901348593727,78.11203814064362,0.0128021240234375,vermelho
248,9.425050735473633,mediapipe,1,-3.0632057145378826,76.7274124211104,0.013033151626586914,vermelho
249,9.455001831054688,mediapipe,1,-3.2244137183554527,79.15722724441844,0.012633085250854492,verde
250,9.48800253868103,mediapipe,1,-4.47427381026473,71.52145146988609,0.013981819152832031,verde
251,9.51900339126587,mediapipe,1,-4.939486086141129,77.26166485530605,0.012943029403686523,verde
252,9.549053192138672,mediapipe,1,-5.2296526185458685,76.96111855263399,0.012993574142456055,verde
253,9.580005168914795,mediapipe,1,-6.498501530239448,76.96535525543159,0.01299285888671875,verde
254,9.611051321029663,mediapipe,1,-6.503233995107241,76.7274124211104,0.013033151626586914,verde
255,9.643043994903564,mediapipe,1,-7.907046014021326,72.20230328278046,0.013849973678588867,verde
256,9.673050880432129,mediapipe,1,-8.920035240846419,76.64889165037188,0.013046503067016602,verde
257,9.704339742660522,mediapipe,1,-9.588183984530167,76.89762393663831,0.013004302978515625,verde
258,9.735281229019165,mediapipe,1,-10.29048207330548,75.40321797752809,0.013262033462524414,verde
259,9.765196800231934,mediapipe,1,-9.585778706312272,75.829910326873,0.013187408447265625,verde
260,9.796050786972046,mediapipe,1,-10.483466824260336,77.96104089219331,0.012826919555664062,verde
261,9.827051639556885,mediapipe,1,-9.085744511594068,76.65449494672588,0.013045549392700195,verde
262,9.85910940170288,mediapipe,1,-9.085744511594068,70.91201731250423,0.014101982116699219,verde
263,9.889049053192139,mediapipe,1,-8.68563039479636,78.15279123500038,0.012795448303222656,verde
264,9.920004844665527,mediapipe,1,-8.456091020532044,77.00916184705774,0.012985467910766602,verde
265,9.95107889175415,mediapipe,1,-9.114093595560673,76.49233126037241,0.013073205947875977,verde
266,9.982003927230835,mediapipe,1,-8.552094882969463,76.95688231624527,0.01299428939819336,verde
267,10.013054132461548,mediapipe,1,-9.031180225460064,76.6615002193303,0.013044357299804688,verde
268,10.044318199157715,mediapipe,1,-8.9264893020917,75.41542002301496,0.0132598876953125,verde
269,10.076005697250366,mediapipe,1,-8.768551904692922,71.52267107753696,0.01398158073425293,verde
270,10.107003211975098,mediapipe,1,-8.621940056403172,76.98089382398825,0.012990236282348633,verde
271,10.138052701950073,mediapipe,1,-8.141689390794028,77.97263533610946,0.01282501220703125,verde
272,10.169278144836426,mediapipe,1,-6.967002606485841,75.35851090588955,0.013269901275634766,verde
273,10.200047016143799,mediapipe,1,-7.9827627255449105,76.70636430138991,0.013036727905273438,verde
274,10.231004476547241,mediapipe,1,-10.426790204510642,79.39697503170727,0.012594938278198242,verde
275,10.262003898620605,mediapipe,1,-10.36738290008087,77.02471811069894,0.012982845306396484,verde
276,10.292003154754639,mediapipe,1,-13.28109509589708,77.00067926052395,0.012986898422241211,verde
277,10.324002742767334,mediapipe,1,-11.528230725783384,66.73833277642528,0.014983892440795898,verde
278,10.353050231933594,mediapipe,1,-8.097250183646269,83.03908137002574,0.012042522430419922,verde
279,10.384056329727173,mediapipe,1,-8.55793692799229,76.63348680844844,0.013049125671386719,verde
280,10.415054082870483,mediapipe,1,-5.40297999430902,76.6615002193303,0.013044357299804688,verde
281,10.44700312614441,mediapipe,1,-8.848186605347877,71.44591694205022,0.013996601104736328,verde
282,10.47705340385437,mediapipe,1,-10.655410639087645,78.20670880647387,0.012786626815795898,verde
283,10.508050680160522,mediapipe,1,-10.481640224621144,76.75549455576906,0.013028383255004883,verde
284,10.540051698684692,mediapipe,1,-12.002262670164757,76.66990823675648,0.013042926788330078,verde
285,10.571003913879395,mediapipe,1,-10.19850928495735,77.20335738477397,0.012952804565429688,verde
286,10.603012323379517,mediapipe,1,-9.975196542558676,71.46295917671914,0.013993263244628906,verde
287,10.633002281188965,mediapipe,1,-14.186370721491475,76.98371969238111,0.01298975944519043,verde
288,10.663005113601685,mediapipe,1,-12.905781114302126,76.979480967588,0.012990474700927734,verde
289,10.69601058959961,mediapipe,1,-12.794398351193355,71.44713397495954,0.013996362686157227,verde
290,10.726040363311768,mediapipe,1,-12.437626400194937,76.81875457875458,0.013017654418945312,verde
291,10.757050275802612,mediapipe,1,-7.939535891382618,76.72320187312505,0.013033866882324219,verde
292,10.788052082061768,mediapipe,1,-12.18998805086802,76.6783180987203,0.013041496276855469,verde
293,10.820051670074463,mediapipe,1,-13.92901346237604,76.66850677244229,0.01304316520690918,verde
294,10.851008892059326,mediapipe,1,-13.690407192442603,76.97383006056157,0.01299142837524414,vermelho
295,10.882051229476929,mediapipe,1,-14.389700206722063,76.6797199217536,0.013041257858276367,vermelho
296,10.91305160522461,mediapipe,1,-10.078628843294096,76.66710535936244,0.013043403625488281,vermelho
297,10.944051504135132,mediapipe,1,-7.630335856691701,77.93786234577077,0.012830734252929688,vermelho
298,10.976175785064697,mediapipe,1,-6.830443996177099,72.35675470526334,0.013820409774780273,vermelho
299,11.006053447723389,mediapipe,1,-5.728424154743875,76.93006364520093,0.012998819351196289,vermelho
300,11.036051273345947,mediapipe,1,-6.185091099541252,76.76111344960744,0.013027429580688477,vermelho
301,11.067006587982178,mediapipe,1,-5.191035435754502,76.99219854250417,0.01298832893371582,vermelho
302,11.099055290222168,mediapipe,1,-4.826606368471827,76.65869795664729,0.01304483413696289,vermelho
303,11.131340265274048,mediapipe,1,-4.661174519312495,69.80966013115409,0.014324665069580078,vermelho
304,11.162055253982544,mediapipe,1,-3.493762791184423,76.70636430138991,0.013036727905273438,vermelho
305,11.193143129348755,mediapipe,1,-3.2814480458606905,70.79591526711116,0.01412510871887207,vermelho
306,11.223000049591064,mediapipe,1,-3.292440422928086,73.016799261877,0.013695478439331055,vermelho
307,11.254007339477539,mediapipe,1,-3.202292717511199,76.96394296933777,0.012993097305297852,vermelho
308,11.286316633224487,mediapipe,1,-3.316562222567275,75.1411526541142,0.013308286666870117,vermelho
309,11.317234754562378,mediapipe,1,-3.4893547461508465,75.89165324696474,0.013176679611206055,vermelho
310,11.348051309585571,mediapipe,1,-3.575174427559162,76.72320187312505,0.013033866882324219,vermelho
311,11.380094289779663,mediapipe,1,-3.6661451555358897,71.05858435265814,0.014072895050048828,vermelho
312,11.409003734588623,mediapipe,1,-3.7966052112026563,76.94135343862932,0.012996912002563477,vermelho
313,11.440051078796387,mediapipe,1,-3.6972161898733518,77.69099968510938,0.012871503829956055,vermelho
314,11.471053838729858,mediapipe,1,-3.4845516901809037,76.63768751484588,0.013048410415649414,vermelho
315,11.50223445892334,mediapipe,1,-3.3942673962333836,77.33289083098254,0.012931108474731445,vermelho
316,11.533003091812134,mediapipe,1,-3.289180218378012,76.93429692945449,0.012998104095458984,vermelho
317,11.564000368118286,mediapipe,1,-3.2991079683196363,76.93288578293806,0.012998342514038086,vermelho
318,11.59704875946045,mediapipe,1,-3.4259527866037693,76.79203207674985,0.013022184371948242,vermelho
319,11.627344369888306,mediapipe,1,-3.5162370805512895,74.98666285264777,0.013335704803466797,vermelho
320,11.659104824066162,mediapipe,1,-3.4229394232886947,70.93600324719253,0.014097213745117188,vermelho
321,11.689050674438477,mediapipe,1,-4.019990619957823,76.75128092519397,0.013029098510742188,verde
322,11.720003843307495,mediapipe,1,-7.4685770620492145,76.95970642201834,0.012993812561035156,verde
323,11.751000881195068,mediapipe,1,-9.203630013791596,77.78465190460294,0.012856006622314453,verde
324,11.782076835632324,mediapipe,1,-9.933491077248036,76.63348680844844,0.013049125671386719,verde
325,11.813140869140625,mediapipe,1,-12.555690949597771,71.45808913724956,0.013994216918945312,verde
326,11.84406304359436,mediapipe,1,-9.798534414377444,76.92724171450581,0.012999296188354492,verde
327,11.87505054473877,mediapipe,1,-9.148258518063436,76.73021970985859,0.013032674789428711,verde
328,11.906052112579346,mediapipe,1,-10.542109307487388,76.68672980582879,0.01304006576538086,verde
329,11.93712592124939,mediapipe,1,-8.362198758809434,76.26007272727273,0.013113021850585938,verde
330,11.969051599502563,mediapipe,1,-9.538097442630416,71.21422143742465,0.014042139053344727,verde
331,11.997064352035522,mediapipe,1,-9.020656040955295,90.42176518777217,0.011059284210205078,verde
332,12.031003713607788,mediapipe,1,-7.669842011913564,71.43374889297635,0.013998985290527344,verde
333,12.061057329177856,mediapipe,1,-9.838258907527841,76.64188868179659,0.01304769515991211,verde
334,12.09205150604248,mediapipe,1,-9.203230093258567,76.69794828658158,0.013038158416748047,verde
335,12.124052047729492,mediapipe,1,-9.663916837604589,76.66009906238006,0.013044595718383789,verde
336,12.155006885528564,mediapipe,1,-12.530962370763323,76.92018779342723,0.01300048828125,verde
337,12.186407327651978,mediapipe,1,-10.68011791678837,74.65831256674973,0.013394355773925781,verde
338,12.220054626464844,mediapipe,1,-10.293173657765495,62.359559916741006,0.016036033630371094,verde
339,12.249056339263916,mediapipe,1,-9.771918162387827,76.65029239766082,0.0130462646484375,verde
340,12.281003713607788,mediapipe,1,-7.244855355565853,71.49463062080251,0.013987064361572266,verde
341,12.31105351448059,mediapipe,1,-7.006249085632413,76.7442592355406,0.013030290603637695,verde
342,12.342004537582397,mediapipe,1,-7.337911712004998,76.94841124238644,0.012995719909667969,verde
343,12.373050928115845,mediapipe,1,-8.795961154735851,76.65169319614759,0.013046026229858398,verde
344,12.404056072235107,mediapipe,1,-9.695381313158576,76.69093635150207,0.013039350509643555,verde
345,12.43505072593689,mediapipe,1,-9.177906325866624,76.66290142750087,0.013044118881225586,verde
346,12.466059684753418,mediapipe,1,-9.080179377472236,76.91454558791169,0.013001441955566406,verde
347,12.497051477432251,mediapipe,1,-7.682698685773029,76.65449494672588,0.013045549392700195,verde
348,12.529003620147705,mediapipe,1,-9.327915398381467,71.52023190382812,0.013982057571411133,verde
349,12.558051347732544,mediapipe,1,-9.118761093680051,76.73443102817417,0.013031959533691406,verde
350,12.589006662368774,mediapipe,1,-9.255301963984682,78.17464074702254,0.012791872024536133,verde
351,12.6200110912323,mediapipe,1,-9.315874591532994,83.35759286125962,0.01199650764465332,verde
352,12.64900016784668,mediapipe,1,-7.6706578789245565,100.05257508170129,0.009994745254516602,verde
353,12.675998210906982,mediapipe,1,-8.32324981556614,143.08194036978918,0.006989002227783203,verde
354,12.691002368927002,mediapipe,1,-8.97474634057546,142.80912495743956,0.007002353668212891,verde
355,12.706001996994019,mediapipe,1,-10.088860497335336,142.84803487500852,0.007000446319580078,verde
356,12.723002433776855,mediapipe,1,-9.970508247907505,129.13895132239293,0.0077435970306396484,verde
357,12.740000009536743,mediapipe,1,-10.156459797188287,112.89274082846607,0.008857965469360352,verde
358,12.75400185585022,mediapipe,1,-9.045836455378538,143.49312350325008,0.006968975067138672,verde
359,12.77099871635437,mediapipe,1,-8.257799060064585,125.00160934612863,0.007999897003173828,verde
360,12.785999774932861,mediapipe,1,-7.476731151069691,143.00388680531879,0.006992816925048828,verde
361,12.80203628540039,mediapipe,1,-8.409273952460818,126.95777461633925,0.00787663459777832,vermelho
362,12.818999528884888,mediapipe,1,-8.171023218906514,111.17807347717755,0.008994579315185547,vermelho
363,12.849035739898682,mediapipe,1,-8.249793039126095,124.48222235412833,0.008033275604248047,vermelho
364,12.87999939918518,mediapipe,1,-7.692441881273586,111.70214919172281,0.00895237922668457,vermelho
365,12.911001443862915,mediapipe,1,-5.7855378787751555,111.40545565619273,0.008976221084594727,vermelho
366,12.947097539901733,mediapipe,1,-5.267083363447158,71.01647449247389,0.014081239700317383,vermelho
367,12.977051973342896,mediapipe,1,-3.998083429476832,78.51267268166673,0.012736797332763672,vermelho
368,13.00910496711731,mediapipe,1,-3.442554037153924,71.87319430402522,0.013913393020629883,vermelho
369,13.039297819137573,mediapipe,1,-3.1760304563012904,75.24629985109704,0.013289690017700195,vermelho
370,13.071326494216919,mediapipe,1,-3.2011245650427522,75.33685382763947,0.01327371597290039,vermelho
371,13.102004051208496,mediapipe,1,-3.3364214461143424,77.28444288846714,0.012939214706420898,vermelho
372,13.133003950119019,mediapipe,1,-3.3217014073988578,76.96676759335719,0.012992620468139648,vermelho
373,13.165189981460571,mediapipe,1,-3.331678869353797,76.1866564946506,0.01312565803527832,vermelho
374,13.196192741394043,mediapipe,1,-3.296360506356426,75.84910846685233,0.013184070587158203,vermelho
375,13.22705340385437,mediapipe,1,-3.1754710024780914,76.88493758363427,0.013006448745727539,vermelho
376,13.258051633834839,mediapipe,1,-3.0969355777067644,76.6783180987203,0.013041496276855469,vermelho
377,13.289013624191284,mediapipe,1,-3.028264728399008,77.14939484236471,0.012961864471435547,vermelho
378,13.319051504135132,mediapipe,1,-3.038488982654917,76.66290142750087,0.013044118881225586,vermelho
379,13.350214004516602,mediapipe,1,-3.0391202353988525,75.79702183027324,0.013193130493164062,vermelho
380,13.383005380630493,mediapipe,1,-3.020291071829778,71.49706804854766,0.013986587524414062,vermelho
381,13.41305136680603,mediapipe,1,-3.0546264964836563,76.92018779342723,0.01300048828125,vermelho
382,13.444058418273926,mediapipe,1,-2.988408232408997,76.61388959924012,0.01305246353149414,vermelho
383,13.476048707962036,mediapipe,1,-2.9581223757099737,71.30744644678681,0.014023780822753906,vermelho
384,13.506015062332153,mediapipe,1,-3.128890466304643,73.23480933091214,0.013654708862304688,vermelho
385,13.53800368309021,mediapipe,1,-3.1639123249877286,71.73061070921622,0.013941049575805664,vermelho
386,13.569004535675049,mediapipe,1,-3.1032857707782546,71.61670593859918,0.01396322250366211,vermelho
387,13.594037055969238,mediapipe,1,-3.056707133942118,111.36404428749701,0.008979558944702148,vermelho
388,13.623002290725708,mediapipe,1,-3.056707133942118,142.8431699758199,0.00700068473815918,vermelho
389,13.637996673583984,mediapipe,1,-2.894840456974899,167.19700231204655,0.005980968475341797,vermelho
390,13.652997732162476,mediapipe,1,-3.08210030194293,147.5205402363534,0.006778717041015625,vermelho
391,13.676052331924438,mediapipe,1,-3.289886942596637,76.74145091940353,0.013030767440795898,vermelho
392,13.707050800323486,mediapipe,1,-3.2647928338551755,76.92583082679187,0.012999534606933594,vermelho
393,13.738004446029663,mediapipe,1,-3.295737363703848,77.0190605604319,0.01298379898071289,vermelho
394,13.769159078598022,mediapipe,1,-3.4001178173405946,76.0471407332197,0.013149738311767578,vermelho
395,13.800083875656128,mediapipe,1,-3.269195670222048,76.5551580638096,0.013062477111816406,vermelho
396,13.831053018569946,mediapipe,1,-3.3042175289051334,76.65589589882302,0.013045310974121094,vermelho
397,13.86224913597107,mediapipe,1,-3.5622994139724082,76.25868620570535,0.013113260269165039,vermelho
398,13.892054557800293,mediapipe,1,-3.4218618963507024,76.7372388305463,0.013031482696533203,vermelho
399,13.923032522201538,mediapipe,1,-3.437828104383965,76.77516428401456,0.013025045394897461,vermelho
400,13.954052925109863,mediapipe,1,-3.306274704521483,76.67551460641293,0.013041973114013672,vermelho
401,13.985051155090332,mediapipe,1,-3.0475615667102733,78.35280491677719,0.012762784957885742,vermelho
402,14.016005992889404,mediapipe,1,-2.9273033155758736,77.004920320188,0.012986183166503906,vermelho
403,14.047203302383423,mediapipe,1,-2.9736480411807498,75.82305620333713,0.013188600540161133,vermelho
404,14.078085660934448,mediapipe,1,-3.105201441043232,70.72309715711732,0.014139652252197266,vermelho
405,14.110050678253174,mediapipe,1,-3.2024479933694616,71.44591694205022,0.013996601104736328,vermelho
406,14.140051364898682,mediapipe,1,-3.35876330848882,76.66430268689453,0.013043880462646484,vermelho
407,14.17100214958191,mediapipe,1,-3.219023264469274,76.94417640476235,0.012996435165405273,vermelho
408,14.20219087600708,mediapipe,1,-3.1496659811323098,75.87929662059483,0.013178825378417969,vermelho
409,14.234098196029663,mediapipe,1,-3.05241942880608,70.96720923149809,0.014091014862060547,vermelho
410,14.264208316802979,mediapipe,1,-3.02633982677606,75.7326977592402,0.013204336166381836,vermelho
411,14.295258045196533,mediapipe,1,-3.1334509615182693,75.52813642338789,0.01324009895324707,vermelho
412,14.326052904129028,mediapipe,1,-3.1677863861721476,76.71478216336833,0.013035297393798828,vermelho
413,14.357004404067993,mediapipe,1,-3.1987056865065737,77.04452608376194,0.012979507446289062,vermelho
414,14.388001203536987,mediapipe,1,-3.0844361814504975,76.96253073507285,0.012993335723876953,vermelho
415,14.418050289154053,mediapipe,1,-3.1750124082240956,83.0275748757844,0.012044191360473633,vermelho
416,14.449252605438232,mediapipe,1,-3.1750124082240956,75.51317874117817,0.013242721557617188,vermelho
417,14.481003522872925,mediapipe,1,-3.2756465077521515,76.99785214693517,0.012987375259399414,vermelho
418,14.512052536010742,mediapipe,1,-3.2893623240796903,76.73583490367551,0.013031721115112305,vermelho
419,14.542001008987427,mediapipe,1,-3.3343352633043764,71.80797808594419,0.013926029205322266,vermelho
420,14.573212385177612,mediapipe,1,-3.268116999229717,75.70672538897513,0.013208866119384766,vermelho
421,14.604000806808472,mediapipe,1,-3.1371948521111706,77.04452608376194,0.012979507446289062,vermelho
422,14.635303020477295,mediapipe,1,-3.237748540839708,75.23820115880675,0.013291120529174805,vermelho
423,14.667012214660645,mediapipe,1,-3.168417638916083,71.40577810313421,0.01400446891784668,vermelho
424,14.697055339813232,mediapipe,1,-3.168417638916083,76.61808815738999,0.013051748275756836,vermelho
425,14.728048324584961,mediapipe,1,-3.1980996632768846,76.75970864902456,0.013027667999267578,vermelho
426,14.759051084518433,mediapipe,1,-3.0844758122349387,76.68532772648322,0.013040304183959961,vermelho
427,14.790055513381958,mediapipe,1,-2.9918471840987912,76.71197600409687,0.013035774230957031,vermelho
428,14.821003675460815,mediapipe,1,-2.991847184098791,77.01340384121039,0.012984752655029297,vermelho
429,14.852285146713257,mediapipe,1,-3.0924008728273287,75.4167760496269,0.013259649276733398,vermelho
430,14.883003234863281,mediapipe,1,-3.0924008728273282,76.96394296933777,0.012993097305297852,vermelho
431,14.914053201675415,mediapipe,1,-3.1057410745754086,76.64188868179659,0.01304769515991211,vermelho
432,14.945003986358643,mediapipe,1,-3.075427797470672,77.02896181888303,0.01298213005065918,vermelho
433,14.978097677230835,mediapipe,1,-3.075427797470672,70.98882946313722,0.014086723327636719,vermelho
434,15.008050680160522,mediapipe,1,-3.08849795978408,76.73443102817417,0.013031959533691406,vermelho
435,15.040184497833252,mediapipe,1,-3.2922695162429134,76.13686942946867,0.013134241104125977,vermelho
436,15.073013305664062,mediapipe,1,-3.413895166163771,66.65030986810743,0.015003681182861328,vermelho
437,15.10200548171997,mediapipe,1,-3.3133414774352334,83.29965046075628,0.012004852294921875,vermelho
438,15.13300371170044,mediapipe,1,-3.3795597415098926,76.95264654618842,0.012995004653930664,vermelho
439,15.163050651550293,mediapipe,1,-3.109402629585919,76.66850677244229,0.01304316520690918,vermelho
440,15.195111513137817,mediapipe,1,-3.0499730961905795,72.03984748033389,0.013881206512451172,vermelho
441,15.225012063980103,mediapipe,1,-2.9893465419811056,76.87648234021884,0.013007879257202148,vermelho
442,15.256003618240356,mediapipe,1,-2.9900615531279393,77.00067926052395,0.012986898422241211,vermelho
443,15.28712272644043,mediapipe,1,-3.0998305480112247,77.73707719395793,0.012863874435424805,vermelho
444,15.317003965377808,mediapipe,1,-3.037634431485707,77.0346208239205,0.012981176376342773,vermelho
445,15.349055051803589,mediapipe,1,-3.16447924976984,76.71197600409687,0.013035774230957031,vermelho
446,15.380199193954468,mediapipe,1,-3.0844758122349383,75.84362229214133,0.01318502426147461,vermelho
447,15.41100525856018,mediapipe,1,-3.1210958103516946,71.50681942171303,0.01398468017578125,vermelho
448,15.442050695419312,mediapipe,1,-3.2526492102141766,76.66290142750087,0.013044118881225586,vermelho
449,15.474210262298584,mediapipe,1,-3.8947819585660195,70.41203330647328,0.014202117919921875,verde
450,15.50500202178955,mediapipe,1,-5.952781738754908,71.71589296400786,0.013943910598754883,verde
451,15.536003112792969,mediapipe,1,-7.830971194441672,72.34552228508348,0.013822555541992188,verde
452,15.566055297851562,mediapipe,1,-8.25016923456759,76.6993508274664,0.013037919998168945,verde
453,15.597002267837524,mediapipe,1,-8.766097501813421,71.24567274209713,0.014035940170288086,verde
454,15.627320289611816,mediapipe,1,-8.766097501813421,75.19234147828114,0.013299226760864258,verde
455,15.659050464630127,mediapipe,1,-7.583464743638939,71.22994361796074,0.014039039611816406,verde
456,15.688998937606812,mediapipe,1,-8.208536040208031,76.98371969238111,0.01298975944519043,verde
457,15.719998836517334,mediapipe,1,-7.746746733269471,83.38079239806771,0.011993169784545898,verde
458,15.753005266189575,mediapipe,1,-6.926096395066326,71.45321976149914,0.013995170593261719,verde
459,15.78314995765686,mediapipe,1,-6.969133155448546,78.69238273921201,0.012707710266113281,verde
460,15.81405520439148,mediapipe,1,-7.047902975668126,76.65869795664729,0.01304483413696289,verde
461,15.84600043296814,mediapipe,1,-8.341460322312427,71.47270124735873,0.013991355895996094,verde
462,15.876054286956787,mediapipe,1,-9.155418820775164,71.19850619589204,0.014045238494873047,verde
463,15.905999422073364,mediapipe,1,-8.990407553127975,77.0190605604319,0.01298379898071289,verde
464,15.938100337982178,mediapipe,1,-8.585560971462472,76.38089341321727,0.013092279434204102,verde
465,15.969252109527588,mediapipe,1,-8.679418986388072,75.55943073320122,0.013234615325927734,verde
466,16.00100350379944,mediapipe,1,-7.108834787766901,71.45078532247624,0.013995647430419922,verde
467,16.030041456222534,mediapipe,1,-7.227179392756616,83.11806904205145,0.012031078338623047,verde
468,16.062006950378418,mediapipe,1,-7.627293509554326,80.5249678422639,0.012418508529663086,verde
469,16.092167139053345,mediapipe,1,-6.69693499005519,77.95089858196889,0.012828588485717773,verde
470,16.123000860214233,mediapipe,1,-8.274211028416767,77.03886562339284,0.012980461120605469,verde
471,16.154337644577026,mediapipe,1,-7.983984534035905,76.07886669931618,0.013144254684448242,verde
472,16.18605065345764,mediapipe,1,-7.983984534035905,77.44283604135893,0.012912750244140625,verde
473,16.22100305557251,mediapipe,1,-7.8142058802499585,58.88395339042538,0.016982555389404297,verde
474,16.24800395965576,mediapipe,1,-7.825323581752555,76.95264654618842,0.012995004653930664,verde
475,16.280004024505615,mediapipe,1,-8.119179978408674,71.45321976149914,0.013995170593261719,verde
476,16.310003757476807,mediapipe,1,-7.657281334549855,77.02330364521164,0.012983083724975586,verde
477,16.342041730880737,mediapipe,1,-7.748093816629918,71.25777679618083,0.01403355598449707,verde
478,16.372058391571045,mediapipe,1,-7.144908722839256,76.68532772648322,0.013040304183959961,verde
479,16.40200424194336,mediapipe,1,-8.427348367980962,77.02613262813803,0.012982606887817383,verde
480,16.433043956756592,mediapipe,1,-8.31021566250404,76.71899178723638,0.013034582138061523,verde
481,16.46415376663208,mediapipe,1,-12.45245575035231,76.40037159146797,0.01308894157409668,verde
482,16.494007110595703,mediapipe,1,-12.223872804437232,76.96253073507285,0.012993335723876953,verde
483,16.526001691818237,mediapipe,1,-11.398490001366293,71.44956816517043,0.013995885848999023,verde
484,16.556052923202515,mediapipe,1,-11.898555178996142,78.62894850308382,0.012717962265014648,verde
485,16.587002992630005,mediapipe,1,-7.314025767476093,71.50681942171303,0.01398468017578125,verde
486,16.61810851097107,mediapipe,1,-6.996997243353226,70.96000541381878,0.014092445373535156,verde
487,16.64800453186035,mediapipe,1,-9.450022694823414,76.93853067962947,0.01299738883972168,verde
488,16.72303819656372,mediapipe,1,-10.685027466431286,17.534789025037732,0.05702948570251465,vermelho
489,16.75299906730652,mediapipe,1,-11.913313515452062,112.73495497916947,0.008870363235473633,vermelho
490,16.769040822982788,mediapipe,1,-12.309131930942591,111.26065043238368,0.008987903594970703,vermelho
491,16.80200457572937,mediapipe,1,-9.543810420217332,83.44548782428777,0.011983871459960938,vermelho
492,16.8342604637146,mediapipe,1,-7.587879959800739,75.5648758692754,0.013233661651611328,vermelho
493,16.865050554275513,mediapipe,1,-6.079936750581701,76.7442592355406,0.013030290603637695,vermelho
494,16.89605212211609,mediapipe,1,-4.746554302436966,76.68112179604373,0.013041019439697266,vermelho
495,16.92722511291504,mediapipe,1,-3.839303546887497,75.73680028891296,0.013203620910644531,vermelho
496,16.95800018310547,mediapipe,1,-3.3596807115377345,77.02613262813803,0.012982606887817383,vermelho
497,16.989054203033447,mediapipe,1,-3.131747946454551,78.4627357078719,0.012744903564453125,vermelho
498,17.02005362510681,mediapipe,1,-3.2289944987807804,72.34427445366266,0.013822793960571289,vermelho
499,17.050005197525024,mediapipe,1,-3.329548187509318,77.00633411056236,0.012985944747924805,vermelho
500,17.080305576324463,mediapipe,1,-3.3895160685691432,81.299141323099,0.012300252914428711,vermelho
501,17.111053466796875,mediapipe,1,-3.1685013973189813,76.70075341964743,0.013037681579589844,vermelho
502,17.142003536224365,mediapipe,1,-3.0878523057699496,76.95547034108215,0.012994527816772461,vermelho
503,17.173002004623413,mediapipe,1,-3.0535168811160713,76.95123472645213,0.012995243072509766,vermelho
504,17.204004049301147,mediapipe,1,-3.1440931078896694,77.0190605604319,0.01298379898071289,vermelho
505,17.237002849578857,mediapipe,1,-3.1923152555562595,71.49950564249428,0.01398611068725586,vermelho
506,17.26805305480957,mediapipe,1,-3.1757177947790614,76.70917005011157,0.013036251068115234,vermelho
507,17.298006534576416,mediapipe,1,-3.235426097244334,71.45200252125177,0.01399540901184082,vermelho
508,17.32825517654419,mediapipe,1,-6.659654576636786,77.28586696148885,0.012938976287841797,vermelho
509,17.359004259109497,mediapipe,1,-8.808780715876974,78.28261072435096,0.012774229049682617,vermelho
510,17.39001226425171,mediapipe,1,-10.988999327285388,76.979480967588,0.012990474700927734,vermelho
511,17.421077251434326,mediapipe,1,-11.13338714397454,76.56354276952284,0.013061046600341797,vermelho
512,17.453108549118042,mediapipe,1,-8.11050056018007,70.93000524241963,0.014098405838012695,vermelho
513,17.484139442443848,mediapipe,1,-6.131665324021381,70.7684416548559,0.014130592346191406,vermelho
514,17.5141704082489,mediapipe,1,-4.338859797343936,75.96862943978554,0.013163328170776367,vermelho
515,17.545050621032715,mediapipe,1,-4.256745187758207,76.72320187312505,0.013033866882324219,vermelho
516,17.575050592422485,mediapipe,1,-3.8773817848797183,76.7442592355406,0.013030290603637695,vermelho
517,17.60605502128601,mediapipe,1,-3.644461356938373,76.71337905807042,0.01303553581237793,vermelho
518,17.639002323150635,mediapipe,1,-3.2576795249513397,77.22041387436482,0.012949943542480469,vermelho
519,17.66900658607483,mediapipe,1,-3.135698015382645,76.97665541036558,0.012990951538085938,vermelho
520,17.700014114379883,mediapipe,1,-3.1490698624294855,76.88634697169672,0.013006210327148438,vermelho
521,17.73206067085266,mediapipe,1,-3.2607237919489704,76.583114227286,0.013057708740234375,vermelho
522,17.762051105499268,mediapipe,1,-3.381718189125893,76.71478216336833,0.013035297393798828,vermelho
523,17.792007207870483,mediapipe,1,-3.4068122978673543,76.97100491815313,0.012991905212402344,vermelho
524,17.82304835319519,mediapipe,1,-3.267815569014014,76.7470677572231,0.013029813766479492,vermelho
525,17.85400390625,mediapipe,1,-3.256876303611271,76.97383006056157,0.01299142837524414,vermelho
526,17.885005950927734,mediapipe,1,-3.2317821948698096,71.67790006152164,0.013951301574707031,vermelho
527,17.91500234603882,mediapipe,1,-3.1964638318724385,76.94135343862932,0.012996912002563477,vermelho
528,17.94706082344055,mediapipe,1,-3.209533994185847,71.15260907918844,0.014054298400878906,vermelho
529,17.978007793426514,mediapipe,1,-3.244116211140695,71.49219335924184,0.013987541198730469,vermelho
530,18.008185148239136,mediapipe,1,-3.164827784752627,77.40281981250462,0.012919425964355469,vermelho
531,18.040050268173218,mediapipe,1,-3.0641131206358856,78.02775607396659,0.01281595230102539,vermelho
532,18.07000994682312,mediapipe,1,-3.1310463958573784,76.91736658719971,0.013000965118408203,vermelho
533,18.10105299949646,mediapipe,1,-3.1066884331584395,76.70776715009418,0.013036489486694336,vermelho
534,18.132006883621216,mediapipe,1,-3.185976859546507,77.00067926052395,0.012986898422241211,vermelho
535,18.163055896759033,mediapipe,1,-3.2313035370741883,76.65589589882302,0.013045310974121094,vermelho
536,18.19405221939087,mediapipe,1,-3.351677131378964,77.7111518722324,0.012868165969848633,vermelho
537,18.225004196166992,mediapipe,1,-3.376035094077903,76.92583082679187,0.012999534606933594,vermelho
538,18.256041526794434,mediapipe,1,-3.279503552898507,76.76251830161054,0.013027191162109375,vermelho
539,18.287003755569458,mediapipe,1,-3.334891539487568,77.04452608376194,0.012979507446289062,vermelho
540,18.318050861358643,mediapipe,1,-3.274217960719856,76.73021970985859,0.013032674789428711,vermelho
541,18.350001573562622,mediapipe,1,-3.2505750091677506,72.27820093055317,0.013835430145263672,vermelho
542,18.380069494247437,mediapipe,1,-3.3714645130460856,76.56633807959109,0.013060569763183594,vermelho
543,18.412052392959595,mediapipe,1,-3.416024191955873,71.22631480632397,0.014039754867553711,vermelho
544,18.442322254180908,mediapipe,1,-3.321273740618097,75.09944494180841,0.013315677642822266,vermelho
545,18.474011421203613,mediapipe,1,-3.2862233048173852,71.42766642257455,0.014000177383422852,vermelho
546,18.505062580108643,mediapipe,1,-3.212936099686702,71.20454969866735,0.014044046401977539,vermelho
547,18.535005569458008,mediapipe,1,-3.112382410958164,76.93994203323916,0.012997150421142578,vermelho
548,18.56700348854065,mediapipe,1,-3.147432846758876,71.46539444539104,0.013992786407470703,vermelho
549,18.597003936767578,mediapipe,1,-3.0715030530234406,71.48610093228572,0.013988733291625977,vermelho
550,18.62700390815735,mediapipe,1,-3.121147306602018,77.02047487008097,0.012983560562133789,vermelho
551,18.655997276306152,mediapipe,1,-3.0605207523925446,100.12900761536442,0.009987115859985352,vermelho
552,18.683000326156616,mediapipe,1,-3.094827599928797,128.7662788198815,0.007766008377075195,vermelho
553,18.702136278152466,mediapipe,1,-3.1715034635207893,98.6987951807229,0.0101318359375,vermelho
554,18.73306155204773,mediapipe,1,-3.2952715824447214,100.7084133691894,0.009929656982421875,vermelho
555,18.76622986793518,mediapipe,1,-3.5432050061804636,81.82251614287665,0.012221574783325195,vermelho
556,18.798003911972046,mediapipe,1,-4.200824953881238,77.25312655406775,0.012944459915161133,verde
557,18.829005002975464,mediapipe,1,-6.101742899370608,72.06831732503996,0.013875722885131836,verde
558,18.860057592391968,mediapipe,1,-6.268141312851414,77.90022658890828,0.012836933135986328,verde
559,18.891003131866455,mediapipe,1,-7.45092347777647,78.31915449826343,0.012768268585205078,verde
560,18.92208743095398,mediapipe,1,-7.603637188792508,76.52024154853775,0.013068437576293945,verde
561,18.95205283164978,mediapipe,1,-9.166596726413442,77.95524496319976,0.012827873229980469,verde
562,18.983042001724243,mediapipe,1,-10.174075574643647,79.30240121005862,0.01260995864868164,verde
563,19.015058994293213,mediapipe,1,-9.71123729574179,76.71478216336833,0.013035297393798828,verde
564,19.04605460166931,mediapipe,1,-10.51054535133554,76.64048824163575,0.013047933578491211,verde
565,19.07705068588257,mediapipe,1,-7.3701722022526575,76.6993508274664,0.013037919998168945,verde
566,19.10805368423462,mediapipe,1,-6.326188865054243,77.66366699996297,0.012876033782958984,verde
567,19.140002489089966,mediapipe,1,-5.775071352809531,78.51561213028828,0.012736320495605469,verde
568,19.17100501060486,mediapipe,1,-5.879114551477624,77.21046333965356,0.01295161247253418,verde
569,19.20200276374817,mediapipe,1,-6.499492669710561,77.03886562339284,0.012980461120605469,verde
570,19.232001543045044,mediapipe,1,-6.816624300699459,83.37416264138191,0.011994123458862305,verde
571,19.26500153541565,mediapipe,1,-7.67845786496139,76.97524270953771,0.012991189956665039,verde
572,19.296056747436523,mediapipe,1,-6.840044190762687,76.68252372159351,0.013040781021118164,verde
573,19.32706093788147,mediapipe,1,-6.775106610699549,77.39853481205367,0.012920141220092773,verde
574,19.358004093170166,mediapipe,1,-6.610379736256,76.94135343862932,0.012996912002563477,verde
575,19.390082359313965,mediapipe,1,-7.20733796442571,76.5565553872269,0.013062238693237305,verde
576,19.421051740646362,mediapipe,1,-8.053022751465209,76.66570399751411,0.013043642044067383,verde
577,19.452006340026855,mediapipe,1,-7.983954248049434,76.93288578293806,0.012998342514038086,verde
578,19.483129024505615,mediapipe,1,-8.353459450904845,76.23650871548794,0.013117074966430664,verde
579,19.51500415802002,mediapipe,1,-8.583464033043926,77.24316758747698,0.012946128845214844,verde
580,19.54605221748352,mediapipe,1,-8.57619292020313,76.66850677244229,0.01304316520690918,verde
581,19.57700252532959,mediapipe,1,-9.103776676595672,73.32827496984213,0.013637304306030273,verde
582,19.60800290107727,mediapipe,1,-10.076196434273287,73.2629519650655,0.013649463653564453,verde
583,19.638001441955566,mediapipe,1,-9.395845472254246,77.04452608376194,0.012979507446289062,verde
584,19.669185638427734,mediapipe,1,-9.039073521255828,75.92462393425411,0.013170957565307617,verde
585,19.70000410079956,mediapipe,1,-8.576235242353972,77.24743540158757,0.012945413589477539,verde
586,19.7310528755188,mediapipe,1,-9.905843727880907,76.6937409716762,0.013038873672485352,verde
587,19.762004137039185,mediapipe,1,-9.602885255449728,79.33540137701445,0.012604713439941406,verde
588,19.7933030128479,mediapipe,1,-9.12124353224944,75.34226693012394,0.013272762298583984,verde
589,19.82430911064148,mediapipe,1,-8.798665556102629,75.2625024672971,0.013286828994750977,verde
590,19.855244398117065,mediapipe,1,-6.23764096078779,75.5648758692754,0.013233661651611328,verde
591,19.88605237007141,mediapipe,1,-6.012509728839404,78.21108376221378,0.012785911560058594,verde
592,19.918013095855713,mediapipe,1,-7.074236145436782,71.64728993355085,0.01395726203918457,verde
593,19.949127197265625,mediapipe,1,-7.854142021890564,71.08628374828399,0.014067411422729492,verde
594,19.97904920578003,mediapipe,1,-8.72878618068005,77.0530183341294,0.012978076934814453,verde
595,20.010050058364868,mediapipe,1,-9.111844044007718,77.68380500814935,0.012872695922851562,vermelho
596,20.042003870010376,mediapipe,1,-7.492240425101255,71.46174160462066,0.013993501663208008,vermelho
597,20.073002099990845,mediapipe,1,-6.278840941650082,77.2161490454537,0.012950658798217773,vermelho
598,20.104217290878296,mediapipe,1,-5.011389251057527,75.6985272884782,0.013210296630859375,vermelho
599,20.135058164596558,mediapipe,1,-3.821745671098678,76.7175885279485,0.013034820556640625,vermelho
600,20.166043758392334,mediapipe,1,-3.504351634627814,76.82156855562475,0.01301717758178711,vermelho
601,20.198206186294556,mediapipe,1,-3.454412584980295,75.77648100305325,0.013196706771850586,vermelho
602,20.229041576385498,mediapipe,1,-3.364951313592615,76.76813822388169,0.013026237487792969,vermelho
603,20.26104187965393,mediapipe,1,-3.4705972447452074,76.7892202632687,0.013022661209106445,vermelho
604,20.292054176330566,mediapipe,1,-3.460669494803583,76.68813193644525,0.013039827346801758,vermelho
605,20.32301425933838,mediapipe,1,-3.329747347685036,77.16074910776703,0.012959957122802734,vermelho
606,20.353999614715576,mediapipe,1,-3.2594032342408243,77.23890024492201,0.012946844100952148,vermelho
607,20.385201454162598,mediapipe,1,-3.0173075503465783,76.08024668964266,0.01314401626586914,vermelho
608,20.417006969451904,mediapipe,1,-2.896313153169656,71.01046287204144,0.01408243179321289,vermelho
609,20.448004007339478,mediapipe,1,-2.819448659634496,77.25454947321889,0.012944221496582031,vermelho
610,20.47905731201172,mediapipe,1,-2.8897927730787076,76.65029239766082,0.0130462646484375,vermelho
611,20.510157823562622,mediapipe,1,-3.4649728670523254,76.36976748420459,0.013094186782836914,vermelho
612,20.54105257987976,mediapipe,1,-3.764969274642211,76.9695924247151,0.012992143630981445,verde
613,20.573007106781006,mediapipe,1,-7.368022184925813,76.91454558791169,0.013001441955566406,verde
614,20.603113889694214,mediapipe,1,-9.200328916934776,76.38645759347284,0.013091325759887695,verde
615,20.634318828582764,mediapipe,1,-12.22820173324476,75.19234147828114,0.013299226760864258,verde
616,20.66529417037964,mediapipe,1,-13.996125128150748,75.5539863818136,0.01323556900024414,verde
617,20.696011781692505,mediapipe,1,-11.869707770214433,76.91736658719971,0.013000965118408203,verde
618,20.727240800857544,mediapipe,1,-10.843411670997193,71.5702682410757,0.013972282409667969,verde
619,20.75818943977356,mediapipe,1,-8.487485921708208,76.18112138329367,0.013126611709594727,verde
620,20.789011240005493,mediapipe,1,-7.813826799429574,78.52002171593313,0.012735605239868164,verde
621,20.819003582000732,mediapipe,1,-7.140766731981408,77.23605561182211,0.012947320938110352,verde
622,20.85000491142273,mediapipe,1,-7.598094632288377,77.02330364521164,0.012983083724975586,verde
623,20.882002115249634,mediapipe,1,-9.766511527902654,77.02754719753177,0.012982368469238281,verde
624,20.91304111480713,mediapipe,1,-11.898439264433856,76.76532815988872,0.013026714324951172,verde
625,20.944020986557007,mediapipe,1,-13.125660479228445,76.85957743123637,0.013010740280151367,verde
626,20.975008726119995,mediapipe,1,-12.901662466470663,76.91595606168968,0.013001203536987305,verde
627,21.006038427352905,mediapipe,1,-10.81221174256227,76.82438273866217,0.013016700744628906,verde
628,21.03701162338257,mediapipe,1,-9.465610684478309,76.97806816304806,0.012990713119506836,verde
629,21.068002223968506,mediapipe,1,-8.448611258230029,77.27162859248342,0.012941360473632812,verde
630,21.09818959236145,mediapipe,1,-7.891539541079867,75.89851977850965,0.013175487518310547,verde
631,21.130003690719604,mediapipe,1,-7.8125733693739825,71.47879139044633,0.013990163803100586,verde
632,21.160051822662354,mediapipe,1,-7.9304451874696955,76.69233863594808,0.013039112091064453,verde
633,21.190053939819336,mediapipe,1,-9.266464990424822,76.73021970985859,0.013032674789428711,verde
634,21.222002744674683,mediapipe,1,-9.659467426014022,71.52023190382812,0.013982057571411133,verde
635,21.253063440322876,mediapipe,1,-9.277746853373884,77.8279522006977,0.012848854064941406,verde
636,21.283036708831787,mediapipe,1,-8.148904559133781,78.83289164552204,0.012685060501098633,verde
637,21.315052032470703,mediapipe,1,-7.04456885878847,76.66990823675648,0.013042926788330078,verde
638,21.346001625061035,mediapipe,1,-8.106295275385847,76.94982295851909,0.012995481491088867,verde
639,21.37735867500305,mediapipe,1,-11.020007471202057,74.90497365836235,0.013350248336791992,verde
640,21.410002946853638,mediapipe,1,-11.81461946780948,71.44591694205022,0.013996601104736328,verde
641,21.440303087234497,mediapipe,1,-11.721461009988236,75.3097999784537,0.013278484344482422,verde
642,21.47105598449707,mediapipe,1,-10.03935647515792,76.8807097294523,0.013007164001464844,vermelho
643,21.502259969711304,mediapipe,1,-6.558308625588456,75.44390682615344,0.013254880905151367,vermelho
644,21.533012866973877,mediapipe,1,-4.598936310143261,77.22183558869557,0.012949705123901367,vermelho
645,21.56505513191223,mediapipe,1,-3.6437361365788217,77.14797579413982,0.012962102890014648,vermelho
646,21.59706473350525,mediapipe,1,-3.2617774325955784,71.1284764618098,0.014059066772460938,vermelho
647,21.627052783966064,mediapipe,1,-3.0438426518288244,76.97665541036558,0.012990951538085938,vermelho
648,21.65900206565857,mediapipe,1,-3.070274135737,71.26988496372194,0.014031171798706055,vermelho
649,21.69101095199585,mediapipe,1,-2.9538724482849155,72.18987624997848,0.013852357864379883,vermelho
650,21.721051454544067,mediapipe,1,-2.951906367844636,76.75970864902456,0.013027667999267578,vermelho
651,21.752005338668823,mediapipe,1,-2.967180181930395,78.5670881333708,0.012727975845336914,vermelho
652,21.783010244369507,mediapipe,1,-2.955437608724976,76.92583082679187,0.012999534606933594,vermelho
653,21.813007354736328,mediapipe,1,-2.898878264142401,71.69995555403604,0.013947010040283203,vermelho
654,21.845054388046265,mediapipe,1,-3.0778489776664317,72.0571742715778,0.01387786865234375,vermelho
655,21.875004529953003,mediapipe,1,-3.402727707779567,77.03320599471056,0.012981414794921875,verde
656,21.908000707626343,mediapipe,1,-4.25636953581408,71.73429108944758,0.01394033432006836,verde
657,21.938003301620483,mediapipe,1,-6.265331709522789,77.01198979123441,0.012984991073608398,verde
658,21.969050407409668,mediapipe,1,-7.929077572853922,76.70917005011157,0.013036251068115234,verde
659,21.999003887176514,mediapipe,1,-9.073488477454497,77.28586696148885,0.012938976287841797,verde
660,22.03100061416626,mediapipe,1,-11.71647272826641,76.95547034108215,0.012994527816772461,verde
661,22.062003135681152,mediapipe,1,-10.765020909477835,71.50194340265939,0.013985633850097656,verde
662,22.09200143814087,mediapipe,1,-12.622668140016167,76.88352824724126,0.01300668716430664,verde
663,22.124055862426758,mediapipe,1,-12.529093711134623,76.6895341183354,0.013039588928222656,verde
664,22.155054330825806,mediapipe,1,-10.319905654397566,77.86551813760072,0.012842655181884766,verde
665,22.186042308807373,mediapipe,1,-10.181269056215367,76.72460533777233,0.013033628463745117,verde
666,22.220052003860474,mediapipe,1,-7.145106553001229,62.32064426020029,0.01604604721069336,verde
667,22.24829077720642,mediapipe,1,-7.818765675279863,75.26520358174673,0.013286352157592773,verde
668,22.28003191947937,mediapipe,1,-8.000617287884204,71.34262046911942,0.014016866683959961,verde
669,22.31031322479248,mediapipe,1,-9.090705704854981,75.45883707541739,0.01325225830078125,verde
670,22.34201192855835,mediapipe,1,-9.73059741392803,71.67177594367834,0.013952493667602539,verde
671,22.371000289916992,mediapipe,1,-11.177849164663652,83.4205930905547,0.011987447738647461,verde
672,22.403003692626953,mediapipe,1,-13.381690366458091,77.02047487008097,0.012983560562133789,verde
673,22.434006452560425,mediapipe,1,-12.362363753559913,77.22041387436482,0.012949943542480469,verde
674,22.465150117874146,mediapipe,1,-11.669571207374767,76.21157445262106,0.013121366500854492,verde
675,22.496294021606445,mediapipe,1,-9.233849839522664,75.3612189161995,0.013269424438476562,verde
676,22.526999473571777,mediapipe,1,-6.155364478938739,77.04028066050732,0.012980222702026367,verde
677,22.558051109313965,mediapipe,1,-6.388694366487927,77.00350658172539,0.012986421585083008,verde
678,22.590051651000977,mediapipe,1,-6.866805623964689,76.65869795664729,0.01304483413696289,verde
679,22.62105083465576,mediapipe,1,-6.285671039023751,76.92300920661702,0.013000011444091797,verde
680,22.65301012992859,mediapipe,1,-6.461022183533776,71.24688296245965,0.014035701751708984,verde
681,22.683005809783936,mediapipe,1,-6.015728870847524,71.48000954361089,0.013989925384521484,verde
682,22.714000940322876,mediapipe,1,-5.7583862324356865,77.2161490454537,0.012950658798217773,verde
683,22.745052337646484,mediapipe,1,-6.509299471162572,76.97241746343433,0.012991666793823242,verde
684,22.77726173400879,mediapipe,1,-6.974718680376387,70.21400830320076,0.014242172241210938,verde
685,22.80700397491455,mediapipe,1,-8.324360967839462,77.01764630272315,0.012984037399291992,verde
686,22.838127613067627,mediapipe,1,-8.496594784363738,76.29891581168594,0.013106346130371094,verde
687,22.871052265167236,mediapipe,1,-7.861720748961852,71.45200252125177,0.01399540901184082,verde
688,22.902002811431885,mediapipe,1,-7.39508964023524,78.49357162908207,0.012739896774291992,vermelho
689,22.93105125427246,mediapipe,1,-5.987886972006683,76.96253073507285,0.012993335723876953,vermelho
690,22.962012767791748,mediapipe,1,-5.202249054167003,78.66434104165495,0.012712240219116211,vermelho
691,22.99300456047058,mediapipe,1,-4.675870315370364,76.93711937779734,0.012997627258300781,vermelho
692,23.02405071258545,mediapipe,1,-3.7933277998213484,77.61624012287422,0.012883901596069336,vermelho
693,23.055304288864136,mediapipe,1,-3.144464300198697,77.00916184705774,0.012985467910766602,vermelho
694,23.086050748825073,mediapipe,1,-2.9541968797303717,76.7400468384075,0.013031005859375,vermelho
695,23.117010593414307,mediapipe,1,-2.895902839124355,76.95123472645213,0.012995243072509766,vermelho
696,23.148056030273438,mediapipe,1,-3.021403206957336,76.65169319614759,0.013046026229858398,vermelho
697,23.179003953933716,mediapipe,1,-2.925993239037104,76.99078527111861,0.012988567352294922,vermelho
698,23.210041284561157,mediapipe,1,-2.914250665831685,78.24318173338806,0.01278066635131836,vermelho
699,23.241000413894653,mediapipe,1,-2.8364185073194212,77.0190605604319,0.01298379898071289,vermelho
700,23.273006200790405,mediapipe,1,-2.835812484089732,76.92441999082989,0.012999773025512695,vermelho
701,23.304006099700928,mediapipe,1,-2.8823911209258686,77.00209289517166,0.01298666000366211,vermelho
702,23.336002826690674,mediapipe,1,-2.911436541463451,71.20817629282537,0.014043331146240234,vermelho
703,23.366207599639893,mediapipe,1,-2.989268699975715,75.84225087246624,0.013185262680053711,vermelho
704,23.39705491065979,mediapipe,1,-2.934210727023244,76.6797199217536,0.013041257858276367,vermelho
705,23.428056478500366,mediapipe,1,-3.011467629725984,77.00916184705774,0.012985467910766602,vermelho
706,23.459051370620728,mediapipe,1,-3.0604920343856237,76.76673316616944,0.01302647590637207,vermelho
707,23.491050481796265,mediapipe,1,-3.005434061433152,76.76532815988872,0.013026714324951172,vermelho
708,23.523051500320435,mediapipe,1,-3.0327004932668586,76.7175885279485,0.013034820556640625,vermelho
709,23.55427384376526,mediapipe,1,-2.881776113228554,75.40050694806479,0.013262510299682617,vermelho
710,23.585031032562256,mediapipe,1,-2.784529560902324,77.04028066050732,0.012980222702026367,vermelho
711,23.616119384765625,mediapipe,1,-2.809905509493994,76.29475216007276,0.013107061386108398,vermelho
712,23.647002458572388,mediapipe,1,-2.8080150262519585,76.98654576824948,0.012989282608032227,vermelho
713,23.678359270095825,mediapipe,1,-2.8865924116948762,74.93307607103299,0.01334524154663086,vermelho
714,23.710216999053955,mediapipe,1,-2.810359170903651,70.4475125130169,0.014194965362548828,vermelho
715,23.741044282913208,mediapipe,1,-2.7849832223119813,76.7372388305463,0.013031482696533203,vermelho
716,23.77204155921936,mediapipe,1,-2.915905369430528,71.28442019748806,0.014028310775756836,vermelho
717,23.79599905014038,mediapipe,1,-2.9709633423829995,127.51745105192752,0.007842063903808594,vermelho
718,23.812031984329224,mediapipe,1,-3.1074130951246532,127.01929075436843,0.007872819900512695,vermelho
719,23.826000213623047,mediapipe,1,-3.2294043432986177,143.5618838992333,0.00696563720703125,vermelho
720,23.84000039100647,mediapipe,1,-4.347711035345413,166.6323944221525,0.00600123405456543,vermelho
721,23.86305284500122,mediapipe,1,-5.046002354772287,76.63488699274635,0.013048887252807617,vermelho
722,23.8942551612854,mediapipe,1,-5.435754074216533,76.67271131909915,0.013042449951171875,vermelho
723,23.92523694038391,mediapipe,1,-5.638313650881717,75.86968869272651,0.01318049430847168,vermelho
724,23.95609974861145,mediapipe,1,-4.610291252782441,76.38923998761543,0.013090848922729492,vermelho
725,23.987004280090332,mediapipe,1,-4.143013677750871,76.94417640476235,0.012996435165405273,vermelho
726,24.018009901046753,mediapipe,1,-3.7559876327382713,76.91454558791169,0.013001441955566406,vermelho
727,24.048052072525024,mediapipe,1,-3.519123690128932,76.65869795664729,0.01304483413696289,vermelho
728,24.08000373840332,mediapipe,1,-3.360228182701004,77.004920320188,0.012986183166503906,vermelho
729,24.11004376411438,mediapipe,1,-3.196147713527193,76.71337905807042,0.01303553581237793,vermelho
730,24.142004251480103,mediapipe,1,-3.2647589270076005,77.25170368733194,0.012944698333740234,vermelho
731,24.173053979873657,mediapipe,1,-3.3333701404880083,76.73162343126852,0.01303243637084961,vermelho
732,24.204159021377563,mediapipe,1,-3.392053604026792,76.10785701324623,0.01313924789428711,vermelho
733,24.23503828048706,mediapipe,1,-3.3577492380826364,76.74847209515096,0.01302957534790039,vermelho
734,24.266172170639038,mediapipe,1,-3.2008418887211256,77.9697364018292,0.012825489044189453,vermelho
735,24.299001693725586,mediapipe,1,-3.1002077891930693,71.54829244993347,0.013976573944091797,vermelho
736,24.329066514968872,mediapipe,1,-2.9785821392722114,76.61388959924012,0.01305246353149414,vermelho
737,24.360006093978882,mediapipe,1,-3.012171494069533,76.93570812773997,0.012997865676879883,vermelho
738,24.39121437072754,mediapipe,1,-3.134771995894792,75.71355849594744,0.013207674026489258,vermelho
739,24.42205023765564,mediapipe,1,-3.2347196613936404,76.66570399751411,0.013043642044067383,vermelho
740,24.45534634590149,mediapipe,1,-3.3319662137198702,69.96103549506272,0.014293670654296875,vermelho
741,24.486002683639526,mediapipe,1,-3.235434672540474,77.19767356254141,0.012953758239746094,vermelho
742,24.517005920410156,mediapipe,1,-3.2598137701351018,77.22325735537798,0.012949466705322266,vermelho
743,24.54705238342285,mediapipe,1,-3.1289468043018274,76.93711937779734,0.012997627258300781,vermelho
744,24.5790011882782,mediapipe,1,-3.128946804301828,71.45565436641793,0.013994693756103516,vermelho
745,24.608266830444336,mediapipe,1,-3.226193356628057,75.73953555563581,0.013203144073486328,vermelho
746,24.63928771018982,mediapipe,1,-3.121165167484398,75.5567084594322,0.013235092163085938,verde
747,24.671005249023438,mediapipe,1,-3.522158319968927,76.94135343862932,0.012996912002563477,verde
748,24.70200204849243,mediapipe,1,-6.775716236524045,76.9540584177308,0.012994766235351562,verde
749,24.733007431030273,mediapipe,1,-8.64232981606926,76.92865265397454,0.01299905776977539,verde
750,24.76300573348999,mediapipe,1,-9.938095962154183,77.004920320188,0.012986183166503906,verde
751,24.795058727264404,mediapipe,1,-10.761456487053099,76.93570812773997,0.012997865676879883,verde
752,24.825005531311035,mediapipe,1,-8.586474754729243,77.23463337384452,0.012947559356689453,verde
753,24.856343030929565,mediapipe,1,-7.411787970421055,76.44075086568252,0.013082027435302734,verde
754,24.887012004852295,mediapipe,1,-6.972242918722452,77.16216862593595,0.012959718704223633,verde
755,24.918023586273193,mediapipe,1,-7.711749373210451,78.02920767212993,0.012815713882446289,verde
756,24.94805359840393,mediapipe,1,-7.263268880760854,76.73302720403944,0.013032197952270508,verde
757,24.979058027267456,mediapipe,1,-8.430986178749983,76.62228717573986,0.013051033020019531,verde
758,25.01012086868286,mediapipe,1,-9.410677049268394,76.3586447960094,0.013096094131469727,verde
759,25.04105496406555,mediapipe,1,-9.403707562949334,76.65029239766082,0.0130462646484375,verde
760,25.073031425476074,mediapipe,1,-10.521603631682575,76.85816902440813,0.013010978698730469,verde
761,25.104155778884888,mediapipe,1,-9.871327735368567,76.05955208994469,0.013147592544555664,verde
762,25.13500452041626,mediapipe,1,-8.807991657249891,78.25924060080231,0.012778043746948242,verde
763,25.16604208946228,mediapipe,1,-7.469572590402491,76.7428550517803,0.013030529022216797,verde
764,25.197003841400146,mediapipe,1,-7.469572590402491,76.92441999082989,0.012999773025512695,verde
765,25.228301286697388,mediapipe,1,-7.10052187381832,76.48535686932419,0.013074398040771484,verde
766,25.259053468704224,mediapipe,1,-7.561208618164342,76.67551460641293,0.013041973114013672,verde
767,25.293001651763916,mediapipe,1,-7.880301072113564,66.56357519202692,0.015023231506347656,verde
768,25.323004484176636,mediapipe,1,-8.433480141541553,71.50194340265939,0.013985633850097656,verde
769,25.3532612323761,mediapipe,1,-8.433480141541553,75.70809191169835,0.013208627700805664,verde
770,25.384011268615723,mediapipe,1,-7.63358828102695,76.92300920661702,0.013000011444091797,verde
771,25.41530728340149,mediapipe,1,-7.866918168576138,75.5539863818136,0.01323556900024414,verde
772,25.446056365966797,mediapipe,1,-6.197105382838623,76.64468971566406,0.013047218322753906,verde
773,25.47734236717224,mediapipe,1,-6.351474810714412,75.9672534956169,0.013163566589355469,verde
774,25.50900387763977,mediapipe,1,-6.993440039849732,72.53945798239394,0.013785600662231445,verde
775,25.539082288742065,mediapipe,1,-7.2174380526075135,76.56354276952284,0.013061046600341797,verde
776,25.57101273536682,mediapipe,1,-7.79352830550023,71.46782988004362,0.0139923095703125,verde
777,25.60105276107788,mediapipe,1,-7.430199441501846,76.9695924247151,0.012992143630981445,verde
778,25.632051706314087,mediapipe,1,-8.181076018648662,76.66850677244229,0.01304316520690918,verde
779,25.66300368309021,mediapipe,1,-7.513526329795382,77.00067926052395,0.012986898422241211,verde
780,25.69433856010437,mediapipe,1,-7.565617395534945,75.30709566216605,0.013278961181640625,verde
781,25.724004983901978,mediapipe,1,-7.774576831657541,77.27162859248342,0.012941360473632812,verde
782,25.755054235458374,mediapipe,1,-7.181626885890008,76.653094045835,0.013045787811279297,vermelho
783,25.78705382347107,mediapipe,1,-7.22769227837969,76.91313516586287,0.013001680374145508,vermelho
784,25.818050622940063,mediapipe,1,-6.091921034465962,76.66850677244229,0.01304316520690918,vermelho
785,25.849207401275635,mediapipe,1,-5.154357001811755,75.99340496077401,0.013159036636352539,vermelho
786,25.88004446029663,mediapipe,1,-4.03605030976496,76.69794828658158,0.013038158416748047,vermelho
787,25.911083698272705,mediapipe,1,-3.262642673167384,71.06460412395587,0.01407170295715332,vermelho
788,25.941132307052612,mediapipe,1,-3.1045701882992964,76.5076793987815,0.01307058334350586,vermelho
789,25.972057342529297,mediapipe,1,-3.2011017294786925,76.62928656252855,0.013049840927124023,vermelho
790,26.004051446914673,mediapipe,1,-3.070179582360146,76.95688231624527,0.01299428939819336,vermelho
791,26.03400468826294,mediapipe,1,-3.0740824954033945,78.13386486838918,0.012798547744750977,vermelho
792,26.06607222557068,mediapipe,1,-3.0117715617652556,78.29430102107483,0.012772321701049805,vermelho
793,26.098001956939697,mediapipe,1,-2.9177617565718306,66.71710118186012,0.01498866081237793,vermelho
794,26.128004550933838,mediapipe,1,-2.8868172267231578,78.57297540323336,0.012727022171020508,vermelho
795,26.158005714416504,mediapipe,1,-2.945856500061984,78.49650964759606,0.012739419937133789,vermelho
796,26.189085245132446,mediapipe,1,-2.915570643362961,76.4532910446401,0.01307988166809082,vermelho
797,26.22030258178711,mediapipe,1,-3.010295459703219,75.21256679697306,0.013295650482177734,vermelho
798,26.252094507217407,mediapipe,1,-3.3001776073513738,76.41150644003571,0.013087034225463867,vermelho
799,26.282050371170044,mediapipe,1,-5.194126066521685,83.12136345620293,0.012030601501464844,verde
800,26.314000606536865,mediapipe,1,-6.3946745906801645,77.00633411056236,0.012985944747924805,verde
801,26.34600067138672,mediapipe,1,-7.239315096933229,71.45808913724956,0.013994216918945312,verde
802,26.376051664352417,mediapipe,1,-7.917310259044017,78.47154349859682,0.012743473052978516,verde
803,26.407017469406128,mediapipe,1,-8.046780209974445,77.1579102281089,0.012960433959960938,verde
804,26.438050508499146,mediapipe,1,-8.832776935323437,77.77888217186515,0.01285696029663086,verde
805,26.469050407409668,mediapipe,1,-8.618232120852038,76.7372388305463,0.013031482696533203,verde
806,26.500060081481934,mediapipe,1,-8.54747031677944,76.9046737197235,0.013003110885620117,verde
807,26.531318426132202,mediapipe,1,-8.424969852168072,75.17482166541205,0.013302326202392578,verde
808,26.562004566192627,mediapipe,1,-7.868481518171748,76.94558796551091,0.012996196746826172,verde
809,26.593003749847412,mediapipe,1,-7.754961477117086,77.004920320188,0.012986183166503906,verde
810,26.621001482009888,mediapipe,1,-7.446092249356753,100.19837553750597,0.009980201721191406,verde
811,26.656012535095215,mediapipe,1,-6.79459572434743,76.9032636596993,0.013003349304199219,verde
812,26.68705439567566,mediapipe,1,-6.262501849435963,77.58896000591957,0.012888431549072266,verde
813,26.717062950134277,mediapipe,1,-6.036092731113699,76.61808815738999,0.013051748275756836,verde
814,26.748040676116943,mediapipe,1,-6.649053650495816,76.81594080802901,0.013018131256103516,verde
815,26.779004335403442,mediapipe,1,-6.505938178897716,76.96253073507285,0.012993335723876953,verde
816,26.810057163238525,mediapipe,1,-8.976940558070792,76.72179845982184,0.01303410530090332,verde
817,26.84201192855835,mediapipe,1,-9.681460933869818,71.49828682474472,0.013986349105834961,verde
818,26.87215542793274,mediapipe,1,-10.467457659218809,76.07058780854962,0.013145685195922852,verde
819,26.904000282287598,mediapipe,1,-9.685622608685756,71.4714833432734,0.013991594314575195,verde
820,26.935999155044556,mediapipe,1,-7.219130348031607,67.65552060650053,0.014780759811401367,verde
821,26.964057207107544,mediapipe,1,-7.610372390193763,76.66570399751411,0.013043642044067383,verde
822,26.99600338935852,mediapipe,1,-6.521790181285971,71.43983239938001,0.013997793197631836,verde
823,27.02600622177124,mediapipe,1,-11.15654098011791,71.53608950743622,0.013978958129882812,verde
824,27.05724048614502,mediapipe,1,-12.352273480194201,75.56759873162295,0.013233184814453125,verde
825,27.086157083511353,mediapipe,1,-11.806662010156256,89.79648461752554,0.011136293411254883,verde
826,27.119004487991333,mediapipe,1,-12.109247493715054,76.94699957805133,0.01299595832824707,verde
827,27.151004314422607,mediapipe,1,-8.256331745416169,71.4714833432734,0.013991594314575195,verde
828,27.179001808166504,mediapipe,1,-7.437640782085638,100.04780192257233,0.009995222091674805,verde
829,27.21300768852234,mediapipe,1,-8.456967394983817,83.59350274040857,0.011962652206420898,verde
830,27.245004653930664,mediapipe,1,-9.24296412033281,77.03603570510231,0.012980937957763672,verde
831,27.276005506515503,mediapipe,1,-9.244609905272181,77.27305219329759,0.012941122055053711,verde
832,27.307044982910156,mediapipe,1,-9.165643733566295,76.75549455576906,0.013028383255004883,verde
833,27.33805537223816,mediapipe,1,-7.936095332121805,76.72600885376652,0.013033390045166016,verde
834,27.3691565990448,mediapipe,1,-9.349093598097511,76.05955208994469,0.013147592544555664,verde
835,27.40000033378601,mediapipe,1,-9.484814427132497,77.06576022048691,0.012975931167602539,verde
836,27.431005716323853,mediapipe,1,-9.484814427132495,76.99502524093622,0.012987852096557617,verde
837,27.462048053741455,mediapipe,1,-9.546645530587856,76.69233863594808,0.013039112091064453,verde
838,27.493053436279297,mediapipe,1,-6.576684635107819,76.75408996083885,0.013028621673583984,vermelho
839,27.52500343322754,mediapipe,1,-5.530606778859763,77.01764630272315,0.012984037399291992,vermelho
840,27.556208610534668,mediapipe,1,-4.334968162808636,75.74911054523126,0.013201475143432617,vermelho
841,27.588098764419556,mediapipe,1,-3.64304136757161,71.19367213226059,0.014046192169189453,vermelho
842,27.618053436279297,mediapipe,1,-3.3647390014444145,76.96111855263399,0.012993574142456055,vermelho
843,27.648002862930298,mediapipe,1,-3.2611486763173874,77.04311089068901,0.012979745864868164,vermelho
844,27.67935872077942,mediapipe,1,-3.3722006590886084,74.89293621884151,0.013352394104003906,vermelho
845,27.71005892753601,mediapipe,1,-3.337896293144453,76.97241746343433,0.012991666793823242,vermelho
846,27.743010997772217,mediapipe,1,-3.3732172110868888,66.9172131016768,0.014943838119506836,vermelho
847,27.773059129714966,mediapipe,1,-3.2792128296056697,71.20938523963939,0.014043092727661133,vermelho
848,27.803000688552856,mediapipe,1,-3.2101486574735114,77.00209289517166,0.01298666000366211,vermelho
849,27.8340585231781,mediapipe,1,-3.147206471091437,76.96535525543159,0.01299285888671875,vermelho
850,27.86623477935791,mediapipe,1,-2.9134620455906717,77.29441250184284,0.012937545776367188,vermelho
851,27.89615249633789,mediapipe,1,-2.787813625300509,76.47280616989079,0.013076543807983398,vermelho
